"0","unique(student_results$Name)
"
"1"," [1]"
"1"," ""Student A"""
"1"," ""Student B"""
"1"," ""Student C"""
"1"," ""Student D"""
"1"," ""Student E"""
"1"," ""Student F"""
"1"," ""Student G"""
"1","
"
"1"," [8]"
"1"," ""Student H"""
"1"," ""Student I"""
"1"," ""Student J"""
"1"," ""Student K"""
"1"," ""Student L"""
"1"," ""Student M"""
"1"," ""Student N"""
"1","
"
"1","[15]"
"1"," ""Student O"""
"1"," ""Student P"""
"1"," ""Student Q"""
"1"," ""Student R"""
"1"," ""Student S"""
"1"," ""Student T"""
"1"," ""Student U"""
"1","
"
"1","[22]"
"1"," ""Student V"""
"1"," ""Student W"""
"1"," ""Student X"""
"1"," ""Student Y"""
"1"," ""Student Z"""
"1","
"
